<application>
  <component name="MavenWrapperMapping">
    <option name="mapping">
      <map>
        <entry key="https://repo.maven.apache.org/maven2/org/apache/maven/apache-maven/3.6.2/apache-maven-3.6.2-bin.zip" value="C:\Users\arnold\.m2\wrapper\dists\apache-maven-3.6.2-bin\795eh28tki48bv3l67maojf0ra\apache-maven-3.6.2" />
        <entry key="https://repo.maven.apache.org/maven2/org/apache/maven/apache-maven/3.6.3/apache-maven-3.6.3-bin.zip" value="C:\Users\arnold\.m2\wrapper\dists\apache-maven-3.6.3-bin\1iopthnavndlasol9gbrbg6bf2\apache-maven-3.6.3" />
        <entry key="https://repo.maven.apache.org/maven2/org/apache/maven/apache-maven/3.8.4/apache-maven-3.8.4-bin.zip" value="C:\Users\arnold\.m2\wrapper\dists\apache-maven-3.8.4-bin\52ccbt68d252mdldqsfsn03jlf\apache-maven-3.8.4" />
        <entry key="https://repo.maven.apache.org/maven2/org/apache/maven/apache-maven/3.9.0/apache-maven-3.9.0-bin.zip" value="C:\Users\arnold\.m2\wrapper\dists\apache-maven-3.9.0-bin\7u41pcsb933vr4m6u83d7ofakm\apache-maven-3.9.0" />
        <entry key="https://repo.maven.apache.org/maven2/org/apache/maven/apache-maven/3.9.3/apache-maven-3.9.3-bin.zip" value="C:\Users\arnold\.m2\wrapper\dists\apache-maven-3.9.3-bin\54p6kc7m0ap3os8bc4ge28ia2\apache-maven-3.9.3" />
        <entry key="https://repo1.maven.org/maven2/org/apache/maven/apache-maven/3.5.2/apache-maven-3.5.2-bin.zip" value="C:\Users\arnold\.m2\wrapper\dists\apache-maven-3.5.2-bin\28qa8v9e2mq69covern8vmdkj0\apache-maven-3.5.2" />
      </map>
    </option>
  </component>
</application>