<?xml version="1.0" encoding="UTF-8"?>
<!DOCTYPE mapper PUBLIC "-//mybatis.org//DTD Mapper 3.0//EN" "http://mybatis.org/dtd/mybatis-3-mapper.dtd">
<mapper namespace="net.xdclass.mapper.ProductOrderItemMapper">

    <!-- 通用查询映射结果 -->
    <resultMap id="BaseResultMap" type="net.xdclass.model.ProductOrderItemDO">
        <id column="id" property="id" />
        <result column="product_order_id" property="productOrderId" />
        <result column="out_trade_no" property="outTradeNo" />
        <result column="product_id" property="productId" />
        <result column="product_name" property="productName" />
        <result column="product_img" property="productImg" />
        <result column="buy_num" property="buyNum" />
        <result column="create_time" property="createTime" />
        <result column="total_amount" property="totalAmount" />
        <result column="amount" property="amount" />
    </resultMap>

    <!-- 通用查询结果列 -->
    <sql id="Base_Column_List">
        id, product_order_id, out_trade_no, product_id, product_name, product_img, buy_num, create_time, total_amount, amount
    </sql>

    <!-- 通用查询结果列 -->
    <sql id="Base_Column_List_No_Id">
        product_order_id, out_trade_no, product_id, product_name, product_img, buy_num, create_time, total_amount, amount
    </sql>

    <!--批量插入-->
    <insert id="insertBatch">

        insert into product_order_item
        (
        <include refid="Base_Column_List_No_Id"/>
        )
        values
        <foreach collection="orderItemList" item="item" index="index" separator=",">
            (
            #{item.productOrderId},
            #{item.outTradeNo},
            #{item.productId},
            #{item.productName},
            #{item.productImg},
            #{item.buyNum},
            #{item.createTime},
            #{item.totalAmount},
            #{item.amount}
            )
        </foreach>

    </insert>

</mapper>
