<keymap version="1" name="Windows copy" parent="$default">
  <action id="CloseAllToTheLeft">
    <keyboard-shortcut first-keystroke="alt comma" />
  </action>
  <action id="CloseAllToTheRight">
    <keyboard-shortcut first-keystroke="alt period" />
  </action>
  <action id="CollapseBlock" />
  <action id="CollapseSelection">
    <keyboard-shortcut first-keystroke="ctrl period" />
    <keyboard-shortcut first-keystroke="shift ctrl period" />
    <keyboard-shortcut first-keystroke="alt z" />
  </action>
  <action id="Console.TableResult.SelectRow" />
  <action id="IntroduceVariable">
    <keyboard-shortcut first-keystroke="ctrl alt v" />
    <keyboard-shortcut first-keystroke="back_quote" />
  </action>
  <action id="ShowRecentTests" />
</keymap>