<application>
  <component name="FileTypeManager" version="18">
    <extensionMap>
      <mapping ext="gradle.kts" type="Kotlin" />
      <mapping ext="main.kts" type="Kotlin" />
      <mapping pattern="list类型的参数如何校验.md" type="PLAIN_TEXT" />
      <mapping pattern="ReadWriteLock是否存在写饥饿？" type="PLAIN_TEXT" />
      <mapping pattern="其实直接使用Mybatis-plus加个注解就行了" type="PLAIN_TEXT" />
      <mapping pattern="CommonResponseDataAdvice#beforeBodyWrite错误return response" type="PLAIN_TEXT" />
      <mapping pattern="nacos-client-http" type="PLAIN_TEXT" />
      <mapping pattern="责任链模式" type="PLAIN_TEXT" />
      <mapping pattern="ResponseBodyAdvice 和  @ExceptionHandler" type="PLAIN_TEXT" />
      <mapping pattern="list类型的参数如何校验" type="PLAIN_TEXT" />
      <mapping ext="key" type="PLAIN_TEXT" />
      <mapping ext="vmoptions" type="PLAIN_TEXT" />
      <mapping ext="plantuml" type="PlantUML file" />
      <removed_mapping ext="apk" approved="true" type="ARCHIVE" />
      <removed_mapping ext="psd" approved="true" type="Image" />
    </extensionMap>
  </component>
</application>