<application>
  <component name="sequenceParams">
    <option name="callDepth" value="10" />
    <option name="projectClassesOnly" value="false" />
    <option name="noGetterSetters" value="false" />
  </component>
  <component name="sequencePlugin">
    <option name="excludeList">
      <list>
        <excludeEntry>
          <option name="enabled" value="true" />
          <option name="excludeName" value="java.*" />
        </excludeEntry>
        <excludeEntry>
          <option name="enabled" value="true" />
          <option name="excludeName" value="java.util.*" />
        </excludeEntry>
        <excludeEntry>
          <option name="enabled" value="true" />
          <option name="excludeName" value="java.**" />
        </excludeEntry>
      </list>
    </option>
    <option name="SHOW_CALL_NUMBERS" value="false" />
  </component>
</application>