<application>
  <component name="AppStorage">
    <histories>
      <item value="Sets this buffer's position. If the mark is defined and larger than the new position then it is discarded." />
      <item value="A MethodParameter variant which synthesizes annotations that declare attribute aliases via @AliasFor." />
      <item value="in favor of" />
      <item value="Default typically equals NO, unless a different default has been configured at the component-scan instruction level." />
      <item value="stroke" />
      <item value="protect" />
      <item value="once" />
      <item value="Read basic class metadata for the underlying class." />
      <item value="Determine whether the given class is a candidate for carrying one of the specified annotations (at type, method or field level)." />
      <item value="Only post-process and store if not put there already during getObject() call above" />
      <item value="Given a PropertyValue, return a value, resolving any references to other beans in the factory if necessary. The value could be:" />
      <item value="Invocation Target Exception" />
      <item value="non-compatible" />
      <item value="particular" />
      <item value="Replicator" />
      <item value="instrumental" />
      <item value="introduced" />
      <item value="Check the given candidate's bean name, determining whether the corresponding bean definition needs to be registered or conflicts with an existing definition." />
      <item value="wildcard" />
      <item value="appropriate" />
      <item value="Perpetual" />
      <item value="Constable" />
      <item value="charge" />
      <item value="test normal charge" />
      <item value="remaining" />
      <item value="test remaining insufficient" />
      <item value="A null or empty String value indicates an anonymous group that is not shared." />
      <item value="Multiple consumers within the same group share the subscription." />
      <item value="subscribed" />
      <item value="instrumenting" />
      <item value="meters" />
      <item value="Emit only the first item emitted by this {@link Flux}, into a new {@link Mono}." />
      <item value="underlying" />
      <item value="previously" />
      <item value="Set whether to wait for scheduled tasks to complete on shutdown, not interrupting running tasks and executing all tasks in the queue." />
      <item value="complete" />
      <item value="Legacy" />
      <item value="Recursively process the configuration class and its superclass hierarchy." />
      <item value="conjunction" />
      <item value="dormant" />
      <item value="associated" />
      <item value="Perform" />
      <item value="Perform the internal processing required to invalidate this session, without triggering an exception if the session has already expired." />
      <item value="defer" />
      <item value="analogous" />
      <item value="Check if the right-hand side type may be assigned to the left-hand side type, assuming setting by reflection. Considers primitive wrapper classes as assignable to the corresponding primitive types." />
      <item value="primitive" />
      <item value="corresponding" />
      <item value="Assignable" />
      <item value="unified" />
    </histories>
    <option name="languageScores">
      <map>
        <entry key="CHINESE" value="68" />
        <entry key="ENGLISH" value="69" />
      </map>
    </option>
  </component>
  <component name="Cache">
    <option name="lastTrimTime" value="1685722905819" />
  </component>
  <component name="Settings">
    <option name="baiduTranslateSettings">
      <app-key>
        <option name="appId" value="20221012001387823" />
      </app-key>
    </option>
    <option name="translator" value="BAIDU" />
  </component>
  <component name="Translation.Cache">
    <option name="lastTrimTime" value="1690706713653" />
  </component>
  <component name="Translation.States">
    <histories>
      <item value="terminated" />
      <item value="immutable" />
      <item value="observer" />
      <item value="obsolete" />
      <item value="then remove obsolete instances:" />
      <item value="Returns canonical representation of the type (all references fully-qualified)." />
      <item value="canonical" />
      <item value="presented" />
      <item value="Judge whether current server is responsible for input service." />
      <item value="Inserts the specified element into this queue if it is possible to do so immediately without violating capacity restrictions, returning true upon success and false if no space is currently available. When using a capacity-restricted queue, this method is generally preferable to add, which can fail to insert an element only by throwing an exception." />
    </histories>
    <option name="languageScores">
      <map>
        <entry key="CHINESE" value="10" />
        <entry key="ENGLISH" value="11" />
      </map>
    </option>
  </component>
</application>