<application>
  <component name="AppStorage">
    <histories>
      <item value="stroke" />
      <item value="protect" />
      <item value="once" />
      <item value="Read basic class metadata for the underlying class." />
      <item value="Determine whether the given class is a candidate for carrying one of the specified annotations (at type, method or field level)." />
      <item value="Only post-process and store if not put there already during getObject() call above" />
      <item value="in favor of" />
      <item value="Given a PropertyValue, return a value, resolving any references to other beans in the factory if necessary. The value could be:" />
      <item value="Invocation Target Exception" />
      <item value="non-compatible" />
      <item value="particular" />
      <item value="Replicator" />
      <item value="instrumental" />
      <item value="introduced" />
      <item value="Check the given candidate's bean name, determining whether the corresponding bean definition needs to be registered or conflicts with an existing definition." />
      <item value="wildcard" />
      <item value="appropriate" />
      <item value="Perpetual" />
      <item value="Constable" />
      <item value="charge" />
      <item value="test normal charge" />
      <item value="remaining" />
      <item value="test remaining insufficient" />
      <item value="A null or empty String value indicates an anonymous group that is not shared." />
      <item value="Multiple consumers within the same group share the subscription." />
      <item value="subscribed" />
      <item value="instrumenting" />
      <item value="meters" />
      <item value="Emit only the first item emitted by this {@link Flux}, into a new {@link Mono}." />
      <item value="underlying" />
      <item value="previously" />
      <item value="Set whether to wait for scheduled tasks to complete on shutdown, not interrupting running tasks and executing all tasks in the queue." />
      <item value="complete" />
      <item value="Legacy" />
      <item value="Recursively process the configuration class and its superclass hierarchy." />
      <item value="conjunction" />
      <item value="dormant" />
      <item value="associated" />
      <item value="Perform" />
      <item value="Perform the internal processing required to invalidate this session, without triggering an exception if the session has already expired." />
      <item value="defer" />
      <item value="analogous" />
      <item value="Check if the right-hand side type may be assigned to the left-hand side type, assuming setting by reflection. Considers primitive wrapper classes as assignable to the corresponding primitive types." />
      <item value="primitive" />
      <item value="corresponding" />
      <item value="Assignable" />
      <item value="unified" />
      <item value="Sequence" />
      <item value="Detecting" />
      <item value="resolvable Dependencies" />
    </histories>
    <option name="languageScores">
      <map>
        <entry key="CHINESE" value="64" />
        <entry key="ENGLISH" value="65" />
      </map>
    </option>
  </component>
  <component name="Cache">
    <option name="lastTrimTime" value="1680792345503" />
  </component>
  <component name="Settings">
    <option name="baiduTranslateSettings">
      <app-key>
        <option name="appId" value="20221012001387823" />
      </app-key>
    </option>
    <option name="translator" value="BAIDU" />
  </component>
</application>